Fold,elasticnet_train_MAE,elasticnet_val_MAE,elasticnet_train_MSE,elasticnet_val_MSE,elasticnet_MAE,elasticnet_DES,elasticnet_PDS
1,0.2797307270890369,0.2800030673170951,0.17934507947745057,0.17966597077152321,0.03865311188623309,0.013452119241944078,0.5073333333333333
2,0.27974949665534893,0.2799525732444801,0.17936981550102685,0.1795644406701757,0.03870093793918689,0.013714500887275945,0.5073333333333333
3,0.27979064989337843,0.27968701621004144,0.1794193556673621,0.17936952041551674,0.03925129699831208,0.013815714173118738,0.5078666666666666
4,0.2798077293445721,0.27967716440784657,0.17942975714314985,0.17931975854707294,0.03877425929531455,0.014892855413173174,0.5072444444444444
5,0.2798342967627174,0.2796039436404437,0.17947626825309856,0.17913623847438345,0.03867591710140308,0.013460930003182613,0.5071999999999999
